Date,High,Low,Open,Close,Volume,Adj Close
2019-12-31,18.381332397460938,17.869333267211914,17.916000366210938,18.321332931518555,5722500.0,18.289262771606445
2020-01-02,19.465999603271484,18.752666473388672,19.0086669921875,19.464000701904297,10438500.0,19.429929733276367
2020-01-03,18.885332107543945,18.274667739868164,18.5,18.41266632080078,14713500.0,18.380435943603516
2020-01-06,17.996667861938477,17.429332733154297,17.733999252319336,17.82866668701172,11313000.0,17.79745864868164
2020-01-07,19.006000518798828,18.123332977294922,18.40399932861328,18.74799919128418,10441500.0,18.715181350708008
2020-01-08,19.123332977294922,18.486000061035156,18.82666778564453,18.78933334350586,10024500.0,18.75644302368164
2020-01-09,19.482667922973633,18.547332763671875,19.465999603271484,19.11400032043457,11472000.0,19.080541610717773
2020-01-10,19.381999969482422,18.583999633789062,19.375999450683594,18.72333335876465,11304000.0,18.69055938720703
2020-01-13,19.501333236694336,18.920000076293945,19.126667022705078,19.457332611083984,8160000.0,19.42327308654785
2020-01-14,20.01799964904785,19.222667694091797,19.470666885375977,19.582666397094727,9610500.0,19.54838752746582
2020-01-15,19.623332977294922,18.666667938232422,19.573333740234375,18.876667022705078,11518500.0,18.843624114990234
2020-01-16,19.823999404907227,19.299999237060547,19.343332290649414,19.82266616821289,10807500.0,19.787967681884766
2020-01-17,20.236000061035156,19.747333526611328,20.077333450317383,20.207332611083984,11839500.0,20.171960830688477
2020-01-21,20.399999618530273,19.933332443237305,19.95599937438965,20.170000076293945,6961500.0,20.134693145751953
2020-01-22,21.291332244873047,20.465999603271484,20.634000778198242,20.65133285522461,10747500.0,20.615182876586914
2020-01-23,21.133333206176758,20.248666763305664,20.890666961669922,21.12266731262207,9354000.0,21.085693359375
2020-01-24,22.066667556762695,19.957332611083984,21.950666427612305,20.408666610717773,19885500.0,20.372940063476562
2020-01-27,18.796667098999023,17.937332153320312,18.586000442504883,18.041332244873047,19500000.0,18.009750366210938
2020-01-28,19.496667861938477,18.333332061767578,18.733333587646484,19.332666397094727,14221500.0,19.298826217651367
2020-01-29,19.24333381652832,18.202667236328125,19.117332458496094,18.266666412353516,12270000.0,18.234689712524414
2020-01-30,18.37266731262207,17.143333435058594,17.900667190551758,18.198667526245117,17106000.0,18.16680908203125
2020-01-31,17.78066635131836,16.034000396728516,17.757999420166016,16.24066734313965,22954500.0,16.212238311767578
2020-02-03,16.94066619873047,16.402666091918945,16.468000411987305,16.860666275024414,13681500.0,16.831151962280273
2020-02-04,18.469999313354492,17.892000198364258,18.13599967956543,18.433332443237305,15466500.0,18.401063919067383
2020-02-05,19.720666885375977,18.825332641601562,19.413333892822266,19.639999389648438,19452000.0,19.605619430541992
2020-02-06,19.72333335876465,18.946666717529297,19.701332092285156,19.652666091918945,12234000.0,19.61826515197754
2020-02-07,19.15333366394043,18.233333587646484,19.07466697692871,18.266000747680664,16014000.0,18.234025955200195
2020-02-10,19.093332290649414,17.833332061767578,17.841333389282227,19.093332290649414,11137500.0,19.059907913208008
2020-02-11,20.535999298095703,19.599332809448242,19.61199951171875,20.23933219909668,16857000.0,20.203903198242188
2020-02-12,21.227333068847656,20.799999237060547,20.892667770385742,21.1286678314209,11917500.0,21.09168243408203
2020-02-13,21.625333786010742,20.514667510986328,20.562667846679688,21.17533302307129,13008000.0,21.13826560974121
2020-02-14,21.906667709350586,20.6646671295166,21.650667190551758,21.03933334350586,11269500.0,21.002504348754883
2020-02-18,20.28266716003418,19.733999252319336,19.933332443237305,20.165332794189453,16186500.0,20.130035400390625
2020-02-19,21.810667037963867,20.93666648864746,20.989999771118164,21.73200035095215,13075500.0,21.693958282470703
2020-02-20,21.666667938232422,19.77400016784668,21.46666717529297,20.76066780090332,20755500.0,20.724327087402344
2020-02-21,20.366666793823242,18.666667938232422,20.344667434692383,18.89666748046875,25333500.0,18.863588333129883
2020-02-24,17.014667510986328,15.934666633605957,16.222000122070312,16.200666427612305,30187500.0,16.17230796813965
2020-02-25,16.922666549682617,14.45199966430664,16.893999099731445,14.712667465209961,38751000.0,14.68691349029541
2020-02-26,15.772000312805176,14.533332824707031,15.0686674118042,14.836000442504883,33132000.0,14.810029029846191
2020-02-27,14.342000007629395,12.658666610717773,13.4399995803833,12.741999626159668,38827500.0,12.719695091247559
2020-02-28,13.866000175476074,11.446666717529297,11.466667175292969,13.666666984558105,45580500.0,13.642743110656738
2020-03-02,15.02066707611084,13.02066707611084,14.5,15.020000457763672,36516000.0,14.993708610534668
2020-03-03,15.822667121887207,13.118000030517578,15.210000038146973,13.499333381652832,32919000.0,13.475703239440918
2020-03-04,15.489999771118164,13.736000061035156,14.30666732788086,15.475333213806152,20538000.0,15.448243141174316
2020-03-05,15.28600025177002,13.734000205993652,14.190667152404785,14.087332725524902,23968500.0,14.062673568725586
2020-03-06,13.565999984741211,12.199999809265137,13.0,13.240667343139648,26310000.0,13.217490196228027
2020-03-09,11.792667388916016,9.866666793823242,10.135333061218262,9.88599967956543,31191000.0,9.868694305419922
2020-03-10,11.773332595825195,9.933333396911621,11.128000259399414,11.773332595825195,33006000.0,11.752723693847656
2020-03-11,11.13266658782959,9.420000076293945,10.719332695007324,9.776000022888184,33735000.0,9.75888729095459
2020-03-12,8.915332794189453,6.801332950592041,7.77400016784668,6.802667140960693,47734500.0,6.790759086608887
2020-03-13,8.733332633972168,6.533332824707031,8.074000358581543,8.661333084106445,43620000.0,8.646171569824219
2020-03-16,7.097332954406738,5.266666889190674,5.98533296585083,5.318666934967041,47341500.0,5.309357166290283
2020-03-17,5.992000102996826,4.380667209625244,5.320000171661377,5.847332954406738,73488000.0,5.83709716796875
2020-03-18,5.263999938964844,3.566667079925537,4.6006669998168945,4.3333330154418945,67953000.0,4.325747966766357
2020-03-19,5.065999984741211,3.8499999046325684,4.215332984924316,4.6620001792907715,67534500.0,4.653839111328125
2020-03-20,5.432666778564453,4.25333309173584,5.220666885375977,4.263332843780518,63204000.0,4.2558698654174805
2020-03-23,4.938666820526123,4.0873332023620605,4.533332824707031,4.659999847412109,63927000.0,4.6518425941467285
2020-03-24,6.265999794006348,5.547332763671875,5.570000171661377,6.249332904815674,67669500.0,6.245452404022217
2020-03-25,7.013332843780518,5.707333087921143,6.363333225250244,6.004666805267334,65236500.0,6.000938415527344
2020-03-26,7.266666889190674,6.266666889190674,6.469333171844482,7.205333232879639,55215000.0,7.200859546661377
2020-03-27,6.815332889556885,6.048666954040527,6.47866678237915,6.0960001945495605,51672000.0,6.092215061187744
2020-03-30,6.798666954040527,6.157332897186279,6.330667018890381,6.751999855041504,39718500.0,6.747807502746582
2020-03-31,7.082666873931885,6.164000034332275,6.76200008392334,6.315999984741211,50964000.0,6.312078475952148
2020-04-01,6.156000137329102,5.1066670417785645,5.687333106994629,5.294000148773193,47541000.0,5.290713310241699
2020-04-02,5.797332763671875,5.175333023071289,5.184000015258789,5.778666973114014,43654500.0,5.775079250335693
2020-04-03,5.960667133331299,5.208000183105469,5.783999919891357,5.435332775115967,43627500.0,5.431958198547363
2020-04-06,7.179333209991455,6.125999927520752,6.133333206176758,7.102666854858398,51997500.0,7.098256587982178
2020-04-07,7.97933292388916,6.9806671142578125,7.909333229064941,7.013332843780518,79462500.0,7.008978366851807
2020-04-08,7.802000045776367,7.064000129699707,7.3933329582214355,7.716000080108643,50287500.0,7.711208820343018
2020-04-09,8.22933292388916,6.986000061035156,8.040666580200195,7.210000038146973,75898500.0,7.205523490905762
2020-04-13,7.5233330726623535,6.9633331298828125,7.159999847412109,7.46999979019165,36957000.0,7.465361595153809
2020-04-14,8.492667198181152,7.940667152404785,7.992667198181152,8.461999893188477,51487500.0,8.456745147705078
2020-04-15,7.973999977111816,7.505332946777344,7.972667217254639,7.775332927703857,37128000.0,7.770504951477051
2020-04-16,8.434666633605957,7.834000110626221,8.157333374023438,8.347332954406738,47277000.0,8.34214973449707
2020-04-17,8.887999534606934,8.266667366027832,8.856666564941406,8.564000129699707,47445000.0,8.558682441711426
2020-04-20,8.566666603088379,8.0,8.200667381286621,8.011333465576172,35502000.0,8.006359100341797
2020-04-21,7.77400016784668,6.767333030700684,7.642666816711426,6.886000156402588,60042000.0,6.881724834442139
2020-04-22,8.183333396911621,7.413332939147949,7.495333194732666,8.03933334350586,37150500.0,8.034341812133789
2020-04-23,8.33666706085205,7.75333309173584,8.080666542053223,7.835332870483398,42906000.0,7.83046817779541
2020-04-24,8.378000259399414,7.626667022705078,7.863999843597412,8.333999633789062,34429500.0,8.328824996948242
2020-04-27,8.917332649230957,8.543999671936035,8.666666984558105,8.670666694641113,42303000.0,8.665283203125
2020-04-28,9.288000106811523,8.501999855041504,9.13266658782959,8.535332679748535,55147500.0,8.530033111572266
2020-04-29,9.850000381469727,8.9313325881958,8.971332550048828,9.760000228881836,42030000.0,9.75394058227539
2020-04-30,9.655332565307617,8.668000221252441,9.624667167663574,8.734000205993652,55264500.0,8.72857666015625
2020-05-01,8.166666984558105,7.320000171661377,8.133333206176758,7.406667232513428,65224500.0,7.402068138122559
2020-05-04,7.636000156402588,7.133999824523926,7.208666801452637,7.614666938781738,35217000.0,7.609939098358154
2020-05-05,8.434666633605957,7.847332954406738,8.050666809082031,8.000666618347168,47706000.0,7.995698928833008
2020-05-06,8.657999992370605,8.21399974822998,8.266667366027832,8.277999877929688,46401000.0,8.272859573364258
2020-05-07,8.819999694824219,8.386667251586914,8.712667465209961,8.52066707611084,32518500.0,8.515376091003418
2020-05-08,9.281999588012695,8.694000244140625,8.78266716003418,9.26533317565918,38311500.0,9.2595796585083
2020-05-11,9.482666969299316,8.939332962036133,8.962667465209961,9.239999771118164,27099000.0,9.234262466430664
2020-05-12,9.517999649047852,8.456666946411133,9.434666633605957,8.456666946411133,34702500.0,8.451416015625
2020-05-13,8.739999771118164,7.625332832336426,8.685333251953125,8.001333236694336,53503500.0,7.996365547180176
2020-05-14,8.666666984558105,7.400000095367432,7.813333034515381,8.640666961669922,54496500.0,8.635302543640137
2020-05-15,8.191332817077637,7.639999866485596,7.7866668701171875,8.099332809448242,55647000.0,8.094304084777832
2020-05-18,9.350000381469727,8.666666984558105,8.666666984558105,9.232666969299316,42394500.0,9.226934432983398
2020-05-19,9.762666702270508,9.107333183288574,9.185999870300293,9.121999740600586,40813500.0,9.11633586883545
2020-05-20,10.313332557678223,9.671333312988281,9.676667213439941,10.159333229064941,39808500.0,10.15302562713623
2020-05-21,10.164667129516602,9.324000358581543,10.156000137329102,9.369999885559082,37935000.0,9.364182472229004
2020-05-22,9.53266716003418,9.034000396728516,9.449333190917969,9.505999565124512,25134000.0,9.500097274780273
2020-05-26,10.387999534606934,9.748666763305664,10.249333381652832,9.800666809082031,41682000.0,9.794581413269043
2020-05-27,10.226667404174805,9.045999526977539,9.918000221252441,10.219332695007324,41941500.0,10.212986946105957
2020-05-28,10.418000221252441,9.399999618530273,10.053333282470703,9.548666954040527,33565500.0,9.54273796081543
2020-05-29,10.378000259399414,9.566666603088379,9.677332878112793,10.27400016784668,38440500.0,10.267621040344238
2020-06-01,10.27400016784668,9.866666793823242,10.071999549865723,10.146666526794434,21564000.0,10.140366554260254
2020-06-02,10.800000190734863,10.073332786560059,10.232000350952148,10.800000190734863,34992000.0,10.793293952941895
2020-06-03,11.876667022705078,11.219332695007324,11.219332695007324,11.74666690826416,30483000.0,11.739373207092285
2020-06-04,12.314000129699707,11.477999687194824,11.643333435058594,12.055999755859375,31461000.0,12.048514366149902
2020-06-05,13.466667175292969,12.826666831970215,12.927332878112793,12.934000015258789,26946000.0,12.925969123840332
2020-06-08,13.260666847229004,12.457332611083984,13.260666847229004,12.85533332824707,25800000.0,12.84735107421875
2020-06-09,13.010000228881836,12.281332969665527,12.41333293914795,12.87733268737793,22317000.0,12.86933708190918
2020-06-10,13.38266658782959,12.85533332824707,13.153332710266113,12.996000289916992,23647500.0,12.987930297851562
2020-06-11,12.156000137329102,10.501333236694336,12.001333236694336,10.515999794006348,47562000.0,10.509469985961914
2020-06-12,11.59866714477539,10.259332656860352,11.491999626159668,10.95199966430664,35401500.0,10.945199966430664
2020-06-15,11.461999893188477,10.11533260345459,10.260666847229004,11.432666778564453,29254500.0,11.425568580627441
2020-06-16,12.621333122253418,11.432666778564453,12.406000137329102,12.038666725158691,30856500.0,12.0311918258667
2020-06-17,12.66866683959961,12.133999824523926,12.295999526977539,12.371999740600586,21156000.0,12.364317893981934
2020-06-18,12.480667114257812,12.10200023651123,12.206666946411133,12.314666748046875,13989000.0,12.307021141052246
2020-06-19,12.859999656677246,12.005999565124512,12.739333152770996,12.066666603088379,29616000.0,12.059173583984375
2020-06-22,12.449333190917969,11.708000183105469,12.126667022705078,12.38933277130127,19461000.0,12.381640434265137
2020-06-23,12.880000114440918,12.421333312988281,12.62399959564209,12.4913330078125,18909000.0,12.48989486694336
2020-06-24,12.484000205993652,11.368000030517578,12.258000373840332,11.652000427246094,31200000.0,11.650659561157227
2020-06-25,11.9913330078125,11.09000015258789,11.638667106628418,11.938667297363281,21685500.0,11.93729305267334
2020-06-26,12.005332946777344,11.157999992370605,11.800000190734863,11.223999977111816,21492000.0,11.222707748413086
2020-06-29,11.619333267211914,10.833999633789062,11.248000144958496,11.609999656677246,17931000.0,11.608663558959961
2020-06-30,12.649333000183105,11.74666690826416,11.74666690826416,12.547332763671875,32251500.0,12.545888900756836
2020-07-01,12.562000274658203,11.989333152770996,12.555333137512207,12.022666931152344,21469500.0,12.021283149719238
2020-07-02,12.803999900817871,12.328666687011719,12.52733325958252,12.470000267028809,24289500.0,12.468564987182617
2020-07-06,13.594667434692383,13.088000297546387,13.10533332824707,13.470000267028809,21822000.0,13.468449592590332
2020-07-07,13.613332748413086,12.899999618530273,13.298666954040527,12.972000122070312,17728500.0,12.97050666809082
2020-07-08,13.533332824707031,12.954667091369629,13.300000190734863,13.5086669921875,14014500.0,13.507112503051758
2020-07-09,14.292667388916016,13.069999694824219,13.666666984558105,14.045999526977539,25341000.0,14.04438304901123
2020-07-10,14.197999954223633,13.481332778930664,14.073332786560059,13.906000137329102,16764000.0,13.904399871826172
2020-07-13,14.961333274841309,13.133333206176758,14.492667198181152,13.211999893188477,24480000.0,13.210478782653809
2020-07-14,13.961999893188477,12.40133285522461,12.993332862854004,13.911999702453613,25491000.0,13.910398483276367
2020-07-15,14.21066665649414,13.133333206176758,14.199999809265137,13.772666931152344,20254500.0,13.771081924438477
2020-07-16,13.76533317565918,13.126667022705078,13.333999633789062,13.604666709899902,13903500.0,13.603100776672363
2020-07-17,14.00333309173584,13.600000381469727,13.854000091552734,13.856666564941406,12028500.0,13.855072021484375
2020-07-20,14.774666786193848,13.62733268737793,13.92199993133545,14.71066665649414,16717500.0,14.70897388458252
2020-07-21,15.035332679748535,14.246000289916992,14.965332984924316,14.399333000183105,16822500.0,14.397675514221191
2020-07-22,14.903332710266113,14.21733283996582,14.533332824707031,14.571999549865723,13956000.0,14.570322036743164
2020-07-23,14.940667152404785,13.510000228881836,14.552000045776367,13.893333435058594,22534500.0,13.89173412322998
2020-07-24,13.833333015441895,12.630666732788086,13.157999992370605,13.231332778930664,19546500.0,13.229809761047363
2020-07-27,14.500666618347168,13.715332984924316,13.733332633972168,14.48466682434082,17731500.0,14.482999801635742
2020-07-28,14.231332778930664,13.553333282470703,14.231332778930664,13.628000259399414,20592000.0,13.626431465148926
2020-07-29,14.652667045593262,13.954667091369629,14.050000190734863,14.510666847229004,19687500.0,14.508996963500977
2020-07-30,15.375332832336426,14.299332618713379,14.310667037963867,15.359999656677246,25672500.0,15.358231544494629
2020-07-31,15.475333213806152,14.447333335876465,15.473999977111816,15.100666999816895,26299500.0,15.098929405212402
2020-08-03,16.077999114990234,15.390000343322754,15.390666961669922,15.999333381652832,16984500.0,15.997491836547852
2020-08-04,16.71066665649414,15.88266658782959,15.926667213439941,16.68666648864746,12100500.0,16.68474578857422
2020-08-05,16.85066795349121,16.266666412353516,16.634666442871094,16.65399932861328,12822000.0,16.652082443237305
2020-08-06,16.67333221435547,16.086000442504883,16.53733253479004,16.593332290649414,10840500.0,16.59142303466797
2020-08-07,16.733333587646484,15.444000244140625,16.474666595458984,16.029333114624023,17872500.0,16.027488708496094
2020-08-10,16.232667922973633,15.334667205810547,16.124666213989258,16.03933334350586,11625000.0,16.037487030029297
2020-08-11,16.474000930786133,15.383333206176758,15.994000434875488,15.508000373840332,15201000.0,15.50621509552002
2020-08-12,17.155332565307617,15.774666786193848,15.905332565307617,17.06999969482422,18397500.0,17.068035125732422
2020-08-13,17.077333450317383,16.268667221069336,17.077333450317383,16.511333465576172,12742500.0,16.50943374633789
2020-08-14,17.06599998474121,16.308666229248047,16.65333366394043,16.453332901000977,12001500.0,16.451438903808594
2020-08-17,17.281333923339844,16.779333114624023,16.858667373657227,17.076000213623047,11739000.0,17.07403564453125
2020-08-18,17.374666213989258,16.625999450683594,17.275999069213867,16.79400062561035,11410500.0,16.792068481445312
2020-08-19,16.931333541870117,16.319332122802734,16.812667846679688,16.468000411987305,10309500.0,16.46610450744629
2020-08-20,16.28066635131836,15.69333267211914,15.97933292388916,16.03933334350586,16498500.0,16.037487030029297
2020-08-21,16.399999618530273,15.766667366027832,16.045333862304688,16.392667770385742,10789500.0,16.39078140258789
2020-08-24,17.04800033569336,16.474666595458984,16.889333724975586,16.84600067138672,11776500.0,16.84406089782715
2020-08-25,17.391332626342773,16.876667022705078,16.876667022705078,17.3886661529541,11626500.0,17.38666534423828
2020-08-26,17.71933364868164,17.25933265686035,17.504667282104492,17.584667205810547,11527500.0,17.582643508911133
2020-08-27,17.75933265686035,16.589332580566406,17.663999557495117,16.89933204650879,17893500.0,16.89738655090332
2020-08-28,17.87266731262207,16.8973331451416,17.005332946777344,17.856666564941406,13989000.0,17.854610443115234
2020-08-31,18.19333267211914,17.387332916259766,17.840667724609375,17.80666732788086,12093000.0,17.804616928100586
2020-09-01,18.833332061767578,17.87066650390625,18.126667022705078,18.80933380126953,10255500.0,18.80716896057129
2020-09-02,20.75933265686035,19.1213321685791,19.628000259399414,20.496667861938477,18729000.0,20.494308471679688
2020-09-03,19.600000381469727,16.6026668548584,19.571332931518555,16.998666763305664,37044000.0,16.9967098236084
2020-09-04,17.363332748413086,14.670666694641113,16.615999221801758,16.527332305908203,26686500.0,16.52543067932129
2020-09-08,15.612667083740234,14.131333351135254,14.708666801452637,14.173999786376953,21556500.0,14.172368049621582
2020-09-09,15.686667442321777,14.666666984558105,15.209333419799805,15.345999717712402,19171500.0,15.344233512878418
2020-09-10,16.07933235168457,14.426667213439941,15.850000381469727,14.708666801452637,19227000.0,14.706974029541016
2020-09-11,15.475333213806152,14.191332817077637,15.029333114624023,14.657333374023438,14871000.0,14.655646324157715
2020-09-14,15.854000091552734,15.210000038146973,15.553333282470703,15.583999633789062,11850000.0,15.582205772399902
2020-09-15,16.68600082397461,16.097999572753906,16.15399932861328,16.385332107543945,11725500.0,16.383445739746094
2020-09-16,16.781999588012695,15.833333015441895,16.591999053955078,15.892000198364258,10791000.0,15.89017105102539
2020-09-17,15.971332550048828,14.554667472839355,14.749333381652832,15.81933307647705,14704500.0,15.817512512207031
2020-09-18,16.202667236328125,14.520000457763672,16.014667510986328,15.081999778747559,17329500.0,15.0802640914917
2020-09-21,15.031999588012695,13.894000053405762,14.189332962036133,15.009332656860352,25779000.0,15.00760555267334
2020-09-22,15.576666831970215,14.5513334274292,15.357333183288574,15.553333282470703,13864500.0,15.551543235778809
2020-09-23,15.786666870117188,14.262666702270508,15.464667320251465,14.395333290100098,14178000.0,14.3936767578125
2020-09-24,15.407333374023438,14.066666603088379,14.094667434692383,14.815999984741211,24952500.0,14.814294815063477
2020-09-25,15.550000190734863,14.223999977111816,14.895999908447266,15.45533275604248,15505500.0,15.453554153442383
2020-09-28,16.732667922973633,15.76200008392334,16.041332244873047,16.71733283996582,15123000.0,16.715408325195312
2020-09-29,17.27199935913086,16.607999801635742,16.607999801635742,16.856666564941406,19848000.0,16.854726791381836
2020-09-30,17.398666381835938,16.600000381469727,16.700666427612305,16.87933349609375,20143500.0,16.877389907836914
2020-10-01,18.07866668701172,17.340667724609375,17.52199935913086,17.92733383178711,18271500.0,17.925270080566406
2020-10-02,17.45199966430664,16.284000396728516,16.67133331298828,16.32933235168457,24060000.0,16.32745361328125
2020-10-05,17.92533302307129,16.768667221069336,16.790666580200195,17.92333221435547,14751000.0,17.921268463134766
2020-10-06,18.889333724975586,17.400667190551758,17.862667083740234,17.617332458496094,16638000.0,17.615304946899414
2020-10-07,18.78333282470703,18.35066795349121,18.37066650390625,18.68000030517578,13549500.0,18.6778507232666
2020-10-08,19.432666778564453,18.952667236328125,19.170000076293945,19.32866668701172,11172000.0,19.32644271850586
2020-10-09,20.496000289916992,19.92333221435547,20.019332885742188,20.342666625976562,18609000.0,20.34032440185547
2020-10-12,21.553333282470703,20.801332473754883,21.089332580566406,21.22599983215332,15901500.0,21.223556518554688
2020-10-13,21.676000595092773,20.833999633789062,21.250667572021484,21.200666427612305,14068500.0,21.198226928710938
2020-10-14,21.592666625976562,20.494667053222656,21.338666915893555,20.864667892456055,11320500.0,20.862266540527344
2020-10-15,20.82933235168457,19.575332641601562,19.80066680908203,20.700000762939453,10518000.0,20.69761848449707
2020-10-16,21.21666717529297,20.36400032043457,21.211999893188477,20.404666900634766,8916000.0,20.402318954467773
2020-10-19,21.262666702270508,19.845333099365234,20.866666793823242,20.076000213623047,11283000.0,20.07369041442871
2020-10-20,20.520666122436523,19.843332290649414,20.360666275024414,20.011999130249023,6909000.0,20.009695053100586
2020-10-21,20.25,19.549333572387695,20.155332565307617,19.589332580566406,8161500.0,19.587078094482422
2020-10-22,19.92066764831543,18.91266632080078,19.72599983215332,19.658000946044922,9789000.0,19.655738830566406
2020-10-23,19.479333877563477,18.8353328704834,19.479333877563477,19.3700008392334,6975000.0,19.36777114868164
2020-10-26,19.133333206176758,17.399999618530273,18.883333206176758,18.132667541503906,13960500.0,18.13058090209961
2020-10-27,18.665332794189453,17.726667404174805,18.516666412353516,17.94533348083496,7834500.0,17.943267822265625
2020-10-28,17.0853328704834,16.0939998626709,17.07466697692871,16.159332275390625,15634500.0,16.157472610473633
2020-10-29,17.8973331451416,16.131999969482422,16.267332077026367,17.445999145507812,10749000.0,17.44399070739746
2020-10-30,17.184667587280273,16.007333755493164,16.89533233642578,16.59666633605957,11187000.0,16.594755172729492
2020-11-02,17.399999618530273,16.423999786376953,17.142000198364258,16.86400032043457,10897500.0,16.862058639526367
2020-11-03,18.25933265686035,17.294666290283203,17.333332061767578,17.867332458496094,12472500.0,17.865276336669922
2020-11-04,19.968666076660156,18.28333282470703,18.963333129882812,19.739999771118164,17590500.0,19.737728118896484
2020-11-05,22.49066734313965,21.32666778564453,21.333332061767578,22.343332290649414,20565000.0,22.340761184692383
2020-11-06,23.68000030517578,21.93400001525879,22.14933204650879,23.492666244506836,15370500.0,23.489961624145508
2020-11-09,25.59866714477539,22.554000854492188,24.961999893188477,22.595333099365234,16741500.0,22.59273338317871
2020-11-10,22.292667388916016,20.406667709350586,21.996000289916992,20.56333351135254,16570500.0,20.56096649169922
2020-11-11,22.91200065612793,21.499332427978516,21.53066635131836,22.804000854492188,11782500.0,22.801376342773438
2020-11-12,23.093332290649414,21.58066749572754,22.842666625976562,21.92133331298828,11928000.0,21.91880989074707
2020-11-13,23.312000274658203,22.278667449951172,22.65999984741211,22.73466682434082,10963500.0,22.7320499420166
2020-11-16,24.446666717529297,23.100000381469727,23.270000457763672,24.411333084106445,12468000.0,24.408523559570312
2020-11-17,24.215999603271484,23.281333923339844,24.1560001373291,23.816667556762695,9009000.0,23.813926696777344
2020-11-18,24.45400047302246,23.272666931152344,23.91866683959961,23.31133270263672,10455000.0,23.30864906311035
2020-11-19,24.4060001373291,22.680667877197266,23.233333587646484,24.393333435058594,8220000.0,24.390525817871094
2020-11-20,24.978666305541992,23.908000946044922,24.37066650390625,23.997333526611328,11338500.0,23.994571685791016
2020-11-23,25.29199981689453,24.083999633789062,24.43400001525879,25.083332061767578,11436000.0,25.0804443359375
2020-11-24,25.566667556762695,24.30933380126953,25.53333282470703,25.488666534423828,9943500.0,25.485733032226562
2020-11-25,25.8613338470459,24.91200065612793,25.366666793823242,25.215999603271484,6964500.0,25.213096618652344
2020-11-27,26.60533332824707,25.720666885375977,25.721332550048828,26.083999633789062,8937000.0,26.080997467041016
2020-11-30,27.150667190551758,25.268667221069336,26.236000061035156,27.064666748046875,10632000.0,27.061552047729492
2020-12-01,28.932666778564453,27.53333282470703,27.746000289916992,28.500667572021484,12735000.0,28.497386932373047
2020-12-02,29.101999282836914,28.066667556762695,28.218666076660156,28.71733283996582,7210500.0,28.714027404785156
2020-12-03,29.68600082397461,28.634000778198242,29.231332778930664,28.76066780090332,7801500.0,28.757356643676758
2020-12-04,31.19333267211914,28.978666305541992,29.235332489013672,31.154666900634766,10473000.0,31.151081085205078
2020-12-07,31.736000061035156,30.687999725341797,31.736000061035156,31.562000274658203,8889000.0,31.558366775512695
2020-12-08,32.27333450317383,31.041332244873047,31.450666427612305,31.959999084472656,6286500.0,31.95631980895996
2020-12-09,32.16133117675781,28.618000030517578,31.606666564941406,29.226667404174805,19231500.0,29.223302841186523
2020-12-10,29.82200050354004,28.134000778198242,28.6200008392334,29.170000076293945,11490000.0,29.166643142700195
2020-12-11,28.859333038330078,27.266666412353516,28.413333892822266,28.163333892822266,13248000.0,28.160093307495117
2020-12-14,29.683332443237305,28.799999237060547,28.988666534423828,29.224000930786133,10854000.0,29.220638275146484
2020-12-15,30.687332153320312,29.750667572021484,30.281333923339844,30.44266700744629,7351500.0,30.439163208007812
2020-12-16,30.722000122070312,29.695999145507812,30.709999084472656,30.375333786010742,6372000.0,30.371837615966797
2020-12-17,30.99066734313965,30.180667877197266,30.91933250427246,30.538000106811523,6106500.0,30.53448486328125
2020-12-18,30.866666793823242,29.55733299255371,30.733333587646484,30.139333724975586,8797500.0,30.1358642578125
2020-12-21,29.694000244140625,28.166667938232422,29.0,29.54599952697754,11620500.0,29.542598724365234
2020-12-22,29.820667266845703,28.754667282104492,29.700666427612305,29.433332443237305,6235500.0,29.433332443237305
2020-12-23,29.799333572387695,28.78333282470703,29.623332977294922,28.82200050354004,4338000.0,28.82200050354004
2020-12-24,29.660667419433594,29.029333114624023,29.166667938232422,29.65399932861328,2637000.0,29.65399932861328
2020-12-28,30.733333587646484,29.368000030517578,30.621999740600586,29.485332489013672,7542000.0,29.485332489013672
2020-12-29,29.866666793823242,28.284000396728516,29.866666793823242,29.2586669921875,7833000.0,29.2586669921875
2020-12-30,30.891332626342773,29.600000381469727,29.672000885009766,30.771333694458008,7807500.0,30.771333694458008
2020-12-31,31.183332443237305,30.17733383178711,30.774667739868164,31.09866714477539,5871000.0,31.09866714477539
2021-01-04,33.654666900634766,29.930667877197266,31.672000885009766,30.66933250427246,17731500.0,30.66933250427246
2021-01-05,32.505332946777344,30.444000244140625,30.444000244140625,32.44599914550781,8538000.0,32.44599914550781
2021-01-06,34.160667419433594,31.284000396728516,31.527999877929688,32.207332611083984,16782000.0,32.207332611083984
2021-01-07,36.121334075927734,33.615333557128906,33.645999908447266,35.75666809082031,10443000.0,35.75666809082031
2021-01-08,37.94200134277344,34.62933349609375,37.50733184814453,35.78666687011719,13090500.0,35.78666687011719
2021-01-11,37.874000549316406,34.933998107910156,34.96533203125,37.09000015258789,9625500.0,37.09000015258789
2021-01-12,38.7586669921875,36.70600128173828,37.66533279418945,37.818668365478516,10501500.0,37.818668365478516
2021-01-13,38.93333435058594,37.400001525878906,38.62066650390625,37.919334411621094,6897000.0,37.919334411621094
2021-01-14,41.612667083740234,39.220001220703125,39.220001220703125,40.38666534423828,11373000.0,40.38666534423828
2021-01-15,40.313331604003906,37.10533142089844,40.19200134277344,37.82400131225586,16302000.0,37.82400131225586
2021-01-19,41.79533386230469,39.41133117675781,39.513999938964844,41.66666793823242,13351500.0,41.66666793823242
2021-01-20,43.521331787109375,40.951332092285156,43.163333892822266,41.319332122802734,11220000.0,41.319332122802734
2021-01-21,43.52000045776367,41.09733200073242,42.388668060302734,43.158668518066406,11056500.0,43.158668518066406
2021-01-22,42.47600173950195,40.77399826049805,42.0,40.790000915527344,12573000.0,40.790000915527344
2021-01-25,42.13999938964844,38.62733459472656,42.01333236694336,40.96533203125,12499500.0,40.96533203125
2021-01-26,41.04666519165039,39.0,41.04666519165039,39.05533218383789,7641000.0,39.05533218383789
2021-01-27,37.048667907714844,32.538665771484375,36.866668701171875,33.14400100708008,25056000.0,33.14400100708008
2021-01-28,36.57666778564453,34.17333221435547,35.000667572021484,35.13399887084961,16110000.0,35.13399887084961
2021-01-29,35.82133483886719,32.900665283203125,35.33733367919922,33.400665283203125,15256500.0,33.400665283203125
2021-02-01,37.5273323059082,34.63666534423828,35.08599853515625,37.347999572753906,13749000.0,37.347999572753906
2021-02-02,39.15999984741211,37.46666717529297,39.132667541503906,39.04800033569336,10789500.0,39.04800033569336
2021-02-03,39.79666519165039,36.57133483886719,39.46666717529297,36.632667541503906,14184000.0,36.632667541503906
2021-02-04,37.60733413696289,35.52933120727539,36.336666107177734,37.53799819946289,8400000.0,37.53799819946289
2021-02-05,38.33333206176758,36.58533477783203,38.33333206176758,36.7226676940918,8242500.0,36.7226676940918
2021-02-08,40.133331298828125,37.44533157348633,37.461334228515625,40.133331298828125,17278500.0,40.133331298828125
2021-02-09,40.540000915527344,39.043331146240234,39.63666534423828,39.62200164794922,8659500.0,39.62200164794922
2021-02-10,41.3120002746582,38.37666702270508,40.66666793823242,39.996665954589844,15432000.0,39.996665954589844
2021-02-11,44.16466522216797,40.884666442871094,40.884666442871094,44.16466522216797,20781000.0,44.16466522216797
2021-02-12,46.01333236694336,43.00400161743164,43.487998962402344,45.77199935913086,15841500.0,45.77199935913086
2021-02-16,47.85266876220703,45.810665130615234,47.336666107177734,46.582000732421875,14367000.0,46.582000732421875
2021-02-17,45.7413330078125,42.138668060302734,45.099998474121094,44.01066589355469,19341000.0,44.01066589355469
2021-02-18,43.26599884033203,41.020668029785156,42.20333480834961,42.685333251953125,15594000.0,42.685333251953125
2021-02-19,46.518001556396484,44.223331451416016,44.64466857910156,45.798667907714844,23602500.0,45.798667907714844
2021-02-22,44.93600082397461,40.18000030517578,44.003334045410156,40.80666732788086,22419000.0,40.80666732788086
2021-02-23,40.74399948120117,35.069332122802734,38.496665954589844,39.978668212890625,27033000.0,39.978668212890625
2021-02-24,43.83333206176758,38.06666564941406,38.982666015625,43.74533462524414,17964000.0,43.74533462524414
2021-02-25,43.009334564208984,35.70333480834961,42.06733322143555,36.218666076660156,35817000.0,36.218666076660156
2021-02-26,39.70066833496094,35.8033332824707,37.94333267211914,38.71066665649414,29536500.0,38.71066665649414
2021-03-01,42.55799865722656,39.54999923706055,40.59199905395508,42.55799865722656,24520500.0,42.55799865722656
2021-03-02,42.9900016784668,38.45000076293945,42.939998626708984,38.54999923706055,19639600.0,38.54999923706055
2021-03-03,38.9900016784668,34.81999969482422,38.900001525878906,35.0099983215332,21569600.0,35.0099983215332
2021-03-04,35.189998626708984,28.440000534057617,34.83000183105469,29.979999542236328,34124200.0,29.979999542236328
2021-03-05,32.959999084472656,27.729999542236328,32.220001220703125,32.75,30865700.0,32.75
2021-03-08,32.93000030517578,27.5,32.709999084472656,27.520000457763672,28598100.0,27.520000457763672
2021-03-09,33.08000183105469,30.0,30.34000015258789,32.45000076293945,19877900.0,32.45000076293945
2021-03-10,34.189998626708984,30.6200008392334,34.189998626708984,30.719999313354492,19847700.0,30.719999313354492
2021-03-11,35.040000915527344,32.849998474121094,33.29999923706055,34.470001220703125,18935100.0,34.470001220703125
2021-03-12,33.59000015258789,31.850000381469727,32.52000045776367,33.41999816894531,17007000.0,33.41999816894531
2021-03-15,35.630001068115234,33.18000030517578,33.79999923706055,35.56999969482422,15325300.0,35.56999969482422
